O00400	O00400
P21138	P21138
Q2VWQ2	Q2VWQ2
Q2VWQ2	Q61220
Q3UVX5	Q3UVX5
Q9R0M0	Q9R0M0
Q9R0M0	Q9HCU4
Q9R0M0	Q9NYQ6
Q8BYB9	Q8BYB9
Q8BYB9	Q8NBL1
Q8IYL3	Q8IYL3
Q3TRM4	Q3TRM4
Q6PDI5	Q6PDI5
Q8NBJ7	Q8NBJ7
O35604	O35604
O35604	O15118
Q8K135	Q8K135
Q8K135	Q5SZV5
Q8K135	Q8K135-2
Q9C0H2	Q9C0H2
Q9C0H2	Q6P5F7
Q7Z7G0	Q7Z7G0
Q7Z7G0	Q59IW6
Q9H792	Q9H792
P08236	P08236
Q9H1E5	Q9H1E5
Q9UHL4	Q9UHL4
Q9UHL4	P42785
Q9UHL4	Q9ET22
Q03164	Q03164
P58215	P58215
P58215	Q9Y4K0
P58215	Q96JB6
P23176	P23176
P23176	P69327
P23176	P69328
P60568	P60568
O75015	O75015
Q96SM3	Q96SM3
Q96SM3	Q8N436
Q9H6D8	Q9H6D8
P15941	P15941
P08318	P08318
Q03247	Q03247
Q03247	P02649
Q8VEM1	Q8VEM1
Q9P0T7	Q9P0T7
Q9P0T7	Q9CR23
P05431	P05431
Q13724	Q13724
Q60928	Q60928
Q60928	Q9Z2A9
Q60928	P36268
Q60928	A6NGU5
Q60928	P07314
Q60928	P19440
Q9H4D0	Q9H4D0
Q9H4D0	Q9ER65
Q9H4D0	Q99JH7
P56159	P56159
O00754	O00754
O00754	O09159
O00754	C0HJB3
O00754	Q9Y2E5
O00754	Q16706
P06729	P06729
P06729	Q640R3
P02726	P02726
Q6PKC3	Q6PKC3
Q9NXV6	Q9NXV6
Q62313	Q62313
Q62313	O43493
O95967	O95967
O95967	Q9UBX5
O95967	Q9WVH9
Q9UJT0	Q9UJT0
O70340	O70340
O70340	Q62443
O70340	O95502
O70340	Q99J85
P11818	P11818
P11818	P03275
P30542	P30542
P12270	P12270
Q8K209	Q8K209
Q8K209	Q9Y653
P07711	P07711
P07711	P06797
P07711	P04988
P49908	P49908
Q13296	Q13296
Q13296	O75556
P26842	P26842
P26842	P25942
Q13641	Q13641
Q13641	Q9Z0L0
Q14508	Q14508
P04196	P04196
Q9P2W7	Q9P2W7
Q9P2W7	Q9CW73
Q8BMI0	Q8BMI0
Q8IVL0	Q8IVL0
Q8IVL0	Q8IVL1
Q01638	Q01638
Q01638	Q9NPH3
O75197	O75197
Q9WU60	Q9WU60
Q9WU60	O75882
P22079	P22079
P22079	P05164
P22079	P11678
P22079	P11247
P07225	P07225
Q6P4U0	Q6P4U0
Q6P4U0	Q69ZU6
Q7TNR6	Q7TNR6
P14151	P14151
P11912	P11912
Q9H6L2	Q9H6L2
P03459	P03459
P03459	P03453
P59823	P59823
P15822	P15822
P98153	P98153
Q06889	Q06889
P11831	P11831
Q58DX5	Q58DX5
O00268	O00268
Q14703	Q14703
Q9JHJ3	Q9JHJ3
Q9JHJ3	Q8WWB7
Q8NES3	Q8NES3
P13747	P13747
P13747	P10321
P13747	P10321
P13747	P10321
P13747	P10321
P13747	P10321
P13747	P10321
P13747	P10321
P13747	P10321
P13747	P10321
P13747	P10321
P13747	P10321
P13747	P10321
P13747	P10321
P13747	P25311
P13747	P04439
P13747	P04439
P13747	P04439
P13747	P04439
P13747	P04439
P13747	P04439
P13747	P04439
P13747	P04439
P13747	P04439
P13747	P04439
P13747	P04439
P13747	P04439
P13747	P04439
P13747	P04439
P13747	P04439
P13747	P01889
P13747	P01889
P13747	P01889
P13747	P01889
P13747	P01889
P13747	P01889
P13747	P01889
P13747	P01889
P13747	P01889
P13747	P01889
P13747	P01889
P13747	P01889
P13747	P01889
P13747	P01889
P13747	P01889
P13747	P01889
P13747	P01889
P13747	P01889
P13747	P01889
P13747	P01889
P13747	P01889
P13747	P55899
P13747	P11609
P13747	P14426
Q9NYV4	Q9NYV4
Q7RTY7	Q7RTY7
Q01098	Q01098
Q01098	Q03391
Q96K49	Q96K49
Q96K49	Q8NBN3
Q96K49	Q8BXN9
P56856	P56856
P25063	P25063
Q8WXD2	Q8WXD2
Q8WXD2	P47867
P26792	P26792
Q3UNZ8	Q3UNZ8
Q9Z0E8	Q9Z0E8
P08047	P08047
P02748	P02748
P02748	P07358
P02748	P07357
B7ZC32	B7ZC32
O00472	O00472
Q5FWI3	Q5FWI3
Q5FWI3	Q9UHN6
Q3UMW8	Q3UMW8
Q3UMW8	O75503
P80366	P80366
P02853	P02853
P02853	P07219
Q75N73	Q75N73
Q9R0Q6	Q9R0Q6
Q8R2R1	Q8R2R1
Q8R2R1	Q9UKY4
A0A0A6YY09	A0A0A6YY09
A0A0A6YY09	Q9BZA7
A0A0A6YY09	F7BJK1
A0A0A6YY09	E9Q2S0
A0A0A6YY09	Q9HC56
P20827	P20827
P20827	P52793
P20827	O08543
P20827	P52803
Q80TR1	Q80TR1
Q80TR1	Q8JZZ7-2
Q80TR1	O95490
Q80TR1	Q80TS3-2
P28351	P28351
Q13087	Q13087
P58166	P58166
Q9BRS8	Q9BRS8
Q5VUA4	Q5VUA4
Q96KX2	Q96KX2
Q32P28	Q32P28
Q8HW98	Q8HW98
Q8HW98	G5E8G3
Q8HW98	Q99PJ0
Q8HW98	Q8BLK3
Q8HW98	Q80Z24
Q07113	Q07113
Q07113	P11717
Q6ZQA6	Q6ZQA6
Q6ZQA6	O75054
P14209	P14209
P23142	P23142
P92127	P92127
B1AZA5	B1AZA5
B1AZA5	Q9H330
Q8WUM9	Q8WUM9
Q9Z2G6	Q9Z2G6
Q9Z2G6	Q9UBV2
Q96BQ1	Q96BQ1
Q9H6B4	Q9H6B4
Q9H6B4	Q96AP7
Q9H6B4	Q925F2
Q9H6B4	P97792
Q9H6B4	P78310
Q9H6B4	P78410
Q92673	Q92673
Q92673	O88307
P16109	P16109
Q7Z4R8	Q7Z4R8
Q9D136	Q9D136
Q9D136	Q6PK18
P01019	P01019
Q8C3Q5	Q8C3Q5
Q13361	Q13361
P06280	P06280
P52798	P52798
P52798	O08542
Q9UJJ9	Q9UJJ9
Q9UJJ9	Q6S5C2
Q9WU62	Q9WU62
Q9JKF6	Q9JKF6
Q9JKF6	Q15223
Q99MR3	Q99MR3
P00630	P00630
E9Q612	E9Q612
O00115	O00115
Q13508	Q13508
O89023	O89023
O89023	O14773
O89001	O89001
O89001	O75976
Q8BYW9	Q8BYW9
Q7TT15	Q7TT15
P21661	P21661
P21661	P16519
P21661	P29120
Q8IXL6	Q8IXL6
Q03173	Q03173
Q9ULV1	Q9ULV1
P04406	P04406
Q9Y337	Q9Y337
Q9Y337	P06870
Q9QZ15	Q9QZ15
Q9DCF1	Q9DCF1
P04843	P04843
P04843	Q91YQ5
Q14390	Q14390
Q14390	Q9BX51
P17439	P17439
P17439	P04062
P16157	P16157
Q9Z1M0	Q9Z1M0
Q9Z1M0	Q99572
P04440	P04440
P04440	P01911
P04440	P01911
P04440	P01911
P04440	P01911
P04440	P01911
P04440	P01911
P04440	P01911
P04440	P01911
P04440	P79483
P04440	Q30154
Q9NYU1	Q9NYU1
Q9NYU1	Q6P5E4
Q9NYU1	Q9NYU2
Q8NFI4	Q8NFI4
O94955	O94955
O15393	O15393
Q9BYF1	Q9BYF1
P16150	P16150
Q9NX62	Q9NX62
Q6PFE7-2	Q6PFE7-2
P17858	P17858
Q9H173	Q9H173
Q9H173	Q9EPK6
Q7TQA1	Q7TQA1
Q13790	Q13790
P43237	P43237
Q920P3	Q920P3
Q920P3	Q6DFY8
P52332	P52332
P52332	P23458
P37198	P37198
P37198	P17955
P30533	P30533
P30533	P55302
P01127	P01127
Q6MZP7	Q6MZP7
P58822	P58822
P19256	P19256
Q80ZD8	Q80ZD8
Q80ZD8	Q86SJ2
P56817	P56817
P09603	P09603
Q7LGA3	Q7LGA3
Q7LGA3	Q8R3H7
P03415	P03415
Q8TE54	Q8TE54
P11438	P11438
P11438	P13473
P11438	P17047
P11438	P11279
P09172	P09172
P09172	Q64237
O95711	O95711
Q922P8	Q922P8
Q9NZK5	Q9NZK5
Q14435	Q14435
Q9CYD3	Q9CYD3
Q9CYD3	Q92791
Q9CYD3	O75718
Q9CYD3	Q8K2B0
P16444	P16444
Q9ULV4	Q9ULV4
Q04900	Q04900
P80195	P80195
P26214	P26214
Q96RW7	Q96RW7
O88325	O88325
O88325	P54802
Q8R180	Q8R180
Q8R180	Q96HE7
Q8R180	Q86YB8
Q8R180	Q8R2E9
Q9UHW9	Q9UHW9
Q9UHW9	Q924N4
Q9UHW9	P55011
Q9UHW9	Q91V14
Q9UHW9	Q9Y666
O15394	O15394
O15394	O35136
O15394	P13591
Q5H9R7	Q5H9R7
Q9DAU1	Q9DAU1
Q9DAU1	Q9BT09
P50428	P50428
P50428	Q9EQ08
P50428	Q571E4
P50428	P15848
P50428	Q3TYD4
P50428	P34059
P50428	P51689
P50428	P51688
P50428	P15289
P50428	P08842
P50428	P50429
P24592	P24592
P24592	P17936
O75063	O75063
Q8K385	Q8K385
Q05707	Q05707
Q8BFR4	Q8BFR4
Q8BFR4	P15586
A2AJQ3	A2AJQ3
A2AJQ3	Q7Z388
Q9YGP1	Q9YGP1
O75509	O75509
P03393	P03393
P04216	P04216
P04216	P01831
P16278	P16278
P50120	P50120
Q96PQ0	Q96PQ0
Q96PQ0	Q8VI51
Q96PQ0	Q9JLC4
Q96PQ0	Q9EPR5
Q96M89	Q96M89
Q63912	Q63912
Q9UJ14	Q9UJ14
Q9UJ14	Q99JP7
Q8BHE5	Q8BHE5
P81382	P81382
P81382	Q96RQ9
P55058	P55058
P55058	P11597
P55058	P18428
Q5ZPR3	Q5ZPR3
Q8WVQ1	Q8WVQ1
P56743	P56743
Q07108	Q07108
P20933	P20933
O54088	O54088
Q9JHP7	Q9JHP7
Q9JHP7	G5E897
Q9JHP7	Q6UW63
Q9JHP7	Q7Z4H8
P04035	P04035
Q9ERL9	Q9ERL9
P14220	P14220
Q9HBW9	Q9HBW9
Q01459	Q01459
P14651	P14651
P06127	P06127
P07498	P07498
P07498	P02668
P13087	P13087
Q9Y5Y6	Q9Y5Y6
Q6X4U4	Q6X4U4
Q9Y210	Q9Y210
P06750	P06750
P06750	P02879
E2JF22	E2JF22
P55290	P55290
P55290	Q9WTR5
P52948-4	P52948-4
P28907	P28907
P28907	Q10588
P28907	P56528
Q61885	Q61885
P45877	P45877
P45877	P23284
P03395	P03395
P04217	P04217
P70193	P70193
Q62178	Q62178
Q62178	O75326
Q62178	Q9NTN9
Q62178	Q62179
B0FP48	B0FP48
P20239	P20239
P20239	Q9BH10
Q61735	Q61735
Q61735	Q08722
Q3UUQ7	Q3UUQ7
Q3UUQ7	Q75T13
P60022	P60022
Q62059	Q62059
Q62059	P13611
O95445	O95445
Q7Z1F8	Q7Z1F8
Q7Z1F8	P83180
Q7Z1F8	P20613
Q8R0F3	Q8R0F3
Q8R0F3	Q8NBK3
Q6GQT9	Q6GQT9
Q6GQT9	P69849
Q6GQT9	Q15155
Q6GQT9	Q5JPE7
Q9Y2L5	Q9Y2L5
P61823	P61823
P61823	P07998
P61823	P10153
P61823	P39873
P13726	P13726
P18583	P18583
P39059	P39059
Q765H6	Q765H6
O95427	O95427
P07204	P07204
Q6PJT7-2	Q6PJT7-2
P17812	P17812
Q93070	Q93070
P02790	P02790
Q6QNK2	Q6QNK2
Q8VDD5	Q8VDD5
Q6X893	Q6X893
Q6X893	Q8IWA5
Q6X893	Q53GD3
Q6X893	Q8WWI5
Q6X893	Q8BY89
Q9P2N2	Q9P2N2
A6NMZ7	A6NMZ7
P25940	P25940
P25940	P20908
P25940	Q07092
P25940	P12107
P47710	P47710
P97333	P97333
P97333	O14786
Q9HCN3	Q9HCN3
Q9HCN3	B1AWJ4
P31997	P31997
P35495	P35495
P35495	P35496
P55083	P55083
P55083	Q9D1H9
P08294	P08294
P48741	P48741
P00724	P00724
Q2WGJ9	Q2WGJ9
Q2WGJ9	Q9NZM1
Q969N2	Q969N2
Q969N2	Q8BXQ2
P15529	P15529
P49746	P49746
P51610	P51610
O94905	O94905
O94905	Q91X78
O94905	Q8BFZ9
O94905	O75477
P02671	P02671
Q9UHX3	Q9UHX3
Q9UHX3	P48960
Q8C165	Q8C165
Q15629	Q15629
Q96MT3	Q96MT3
Q96MT3	Q7Z3G6
Q9Z0L8	Q9Z0L8
Q9Z0L8	Q92820
Q8BW41	Q8BW41
P28799	P28799
Q6NSJ0	Q6NSJ0
Q6NSJ0	Q69ZQ1
O00592	O00592
Q13972	Q13972
P55066	P55066
P55066	O14594
Q8K0S5	Q8K0S5
Q8K0S5	Q99PI8
Q7Z7D3	Q7Z7D3
Q9GZM7	Q9GZM7
Q8IUX7	Q8IUX7
Q6UXI9	Q6UXI9
P35858	P35858
P35858	E9Q7T7
Q2KHR3	Q2KHR3
Q9DBV4	Q9DBV4
Q00560	Q00560
Q00560	P40189
P04853	P04853
Q8R4G0	Q8R4G0
Q8R4G0	Q8R4F1
Q00987	Q00987
O75396	O75396
Q8BTM8	Q8BTM8
Q8BTM8	O75369
Q99KY4	Q99KY4
Q9NZ53	Q9NZ53
P23953	P23953
P23953	P23795
P23953	P21836
P23953	P23141
P23953	P06276
O15389	O15389
O15389	P20917
O15389	P13688
O15389	P20917-2
O15389	Q9NYZ4
Q9BYE9	Q9BYE9
D3YZ21	D3YZ21
Q86SQ4	Q86SQ4
P06744	P06744
Q64444	Q64444
Q64444	O43570
Q64444	Q9WVT6
Q64444	P61215
Q64444	O70354
O75144	O75144
Q9ULI3	Q9ULI3
Q14684	Q14684
Q8K297	Q8K297
Q8K297	Q8NBJ5
Q8K297	Q8IYK4
Q9P2N6	Q9P2N6
Q5FWH7	Q5FWH7
P61201	P61201
Q9D8N1	Q9D8N1
P08101	P08101
Q9Z2W9	Q9Z2W9
Q9Z2W9	Q9Z2W8
Q9Z2W9	B1AS29
Q9Z2W9	P35438
Q9Z2W9	P39087
Q9Z2W9	P23818
Q9Z2W9	P23819
Q9Z2W9	Q61625
Q9Z2W9	Q61627
Q9CR89	Q9CR89
Q9CR89	Q9CQE7
Q08169	Q08169
Q9P2E5	Q9P2E5
P07359	P07359
Q8TDQ0	Q8TDQ0
Q9UNA0	Q9UNA0
F6VAN0	F6VAN0
F6VAN0	P18850
P53801	P53801
Q8BG58	Q8BG58
Q16849	Q16849
Q16849	Q60673
O70362	O70362
O70362	P80108
Q61282	Q61282
Q61282	P16112
Q8N766	Q8N766
Q8N766	Q8C7X2
P22455	P22455
P22455	P16092
P22455	Q61851
P22455	P11362
P22455	P21802
Q6ZP01	Q6ZP01
Q9UKA9	Q9UKA9
O88507	O88507
Q14980	Q14980
Q61704	Q61704
Q61704	A6X935
Q61704	Q8BJD1
Q61704	Q0VCM5
Q61704	Q86UX2
Q61704	Q3T052
Q61704	Q06033
Q61704	P19823
Q61704	Q14624
Q61704	P19827
P69905	P69905
P69905	P68871
Q7TNS7	Q7TNS7
Q7TNS7	Q6NXK8-2
Q7TNS7	Q925H0-2
Q9U8R2	Q9U8R2
O60603	O60603
Q80TF3	Q80TF3
Q80TF3	E9PXF0
P70663	P70663
P70663	Q14515
Q8NCC3	Q8NCC3
Q8NCC3	Q8VEB4
Q8NCC3	P16301
Q8NCC3	P04180
P00797	P00797
P00797	P18242
P00797	P07339
P06028	P06028
P05155	P05155
P05155	P08697
P78509	P78509
P78509	Q60841
Q12959	Q12959
Q3UY51	Q3UY51
Q3UY51	Q2I0M4
Q96NY8	Q96NY8
Q96NY8	Q92692
Q92628	Q92628
P04855	P04855
Q9UQ35	Q9UQ35
P05783	P05783
P05783	P08670
P05783	P13646
P05783	P05787
Q99MB3-2	Q99MB3-2
Q99MB3-2	Q9BX74
P35527	P35527
P35527	P04264
P35575	P35575
Q16581	Q16581
Q13433	Q13433
Q13433	Q8C145
Q13433	Q6P5F6
P42232	P42232
Q9Y274	Q9Y274
Q9R1E6	Q9R1E6
Q9R1E6	Q13822
Q9R1E6	P22413
Q9R1E6	P06802-2
P35658	P35658
P04066	P04066
P04066	Q9BTY2
Q16842	Q16842
Q16842	Q11201
Q16842	O88829
Q92859	Q92859
Q92859	P70211
Q92859	P97798-5
Q92859	P97798-4
P13598	P13598
Q96Q06	Q96Q06
P42098	P42098
P42098	P21754
P42098	P10761
Q9UBR2	Q9UBR2
Q9UBR2	Q9WUU7
Q8VCC9	Q8VCC9
Q8VCC9	Q9HCB6
Q6P4R8	Q6P4R8
O00175	O00175
Q9Y487	Q9Y487
Q9Z2L6	Q9Z2L6
Q9Z2L6	Q9UNW1
Q3TVI8	Q3TVI8
Q3TVI8	Q96AQ6
O14498	O14498
P08962	P08962
P08962	O95857
P08962	Q9D8C2
P08962	O60635
Q8N3Y3	Q8N3Y3
O35887	O35887
O35887	Q8BH97
O35887	O43852
O35887	Q96D15
O35887	Q05186
O35887	Q15293
P48551	P48551
Q9H4A3	Q9H4A3
Q9H4A3	P83741-2
O14920	O14920
O08795	O08795
O08795	P14314
Q8VI56	Q8VI56
P02765	P02765
P02765	P12763
P02765	P29699
O15031	O15031
O15031	Q8CJH3
O15031	Q9QZC2
O15031	P70206
O15031	P70208
O15031	P70207
O15031	Q3UH93
O15031	Q9ULL4
O15031	O60486
O15031	Q9Y4D7
O15031	O43157
O15031	B2RXS4
O15031	Q9QY40
O15031	Q80UG2
P11627	P11627
P11627	A0A087WPX3
P11627	P32004
P11627	O94856
P11627	Q810U4
P11627	Q92823
P11627	P70232
P11627	O00533
Q91VX5	Q91VX5
P26048	P26048
P26048	P63137
P26048	P26049
P26048	P48168
P26048	Q9D6F4
P26048	P62812
P26048	P22723
P26048	P63080
P26048	P16305-3
P26048	Q8BHJ7
P12273	P12273
P01130	P01130
P01130	Q924X6
P29965	P29965
Q9Y520	Q9Y520
P43356	P43356
Q9NR99	Q9NR99
Q14814	Q14814
Q9UEF7	Q9UEF7
Q9UEF7	Q86Z14
P61315	P61315
Q68FM6	Q68FM6
Q68FM6	Q8C8T7
P78536	P78536
P07333	P07333
P07333	P10721
P07333	Q8BKG3
P07333	P09619
P07333	Q13308
O15204	O15204
P16455	P16455
Q9JLL0	Q9JLL0
P52948	P52948
P24855	P24855
O75446	O75446
Q8BH27	Q8BH27
Q6YDN9	Q6YDN9
Q9DB72	Q9DB72
P38398	P38398
Q6YHK3	Q6YHK3
Q6YHK3	P0C0L4
Q6YHK3	P01031
Q6YHK3	P20742
Q6YHK3	Q61838
Q6YHK3	Q91132
Q6YHK3	P28665
Q6YHK3	P01029
Q6YHK3	A8K2U0
Q6YHK3	P01024
Q6YHK3	P0C0L5
Q6YHK3	P01023
Q8C419	Q8C419
Q9EQH2	Q9EQH2
Q9EQH2	Q07075
Q9EQH2	Q9UIQ6
Q9EQH2	P15144
Q9EQH2	Q8C129
Q9EQH2	P97449
Q9EQH2	Q9NZ08
Q9EQH2	Q6P179
Q920V1	Q920V1
P01860	P01860
P01860	P01880
P01860	P01868
P01860	P01867
P01860	P01861
P01860	P01877
P01860	P01876
P01860	P01859
P01860	P01872
P01860	P01857
P01860	P01871
P01860	P01854
Q9Y6R7	Q9Y6R7
Q8R420	Q8R420
Q817X1	Q817X1
P10915	P10915
P10915	Q80WM4
P10915	Q9QUP5
Q7Z3J3	Q7Z3J3
Q10589	Q10589
Q6ZWR6	Q6ZWR6
Q6P3S6	Q6P3S6
P16452	P16452
Q70UQ0	Q70UQ0
Q9NQ35	Q9NQ35
Q9QUN9	Q9QUN9
Q9QUN9	Q9UBP4
B8Q179	B8Q179
P03956	P03956
Q8BGN3	Q8BGN3
Q8BGN3	Q8BTJ4
Q8BGN3	Q9EQG7
Q63751	Q63751
P81405	P81405
Q12830	Q12830
Q8N441	Q8N441
Q8C031	Q8C031
Q8C031	Q99PH1
Q8C031	Q9HBW1
P37064	P37064
P37064	Q38757
P12111	P12111
Q9Y624	Q9Y624
Q9Y624	Q5T2D2
Q9Y624	Q9BX67
Q9Y624	Q9D8B7
Q9Y624	Q9JI59
Q9HAU0	Q9HAU0
Q91XD7	Q91XD7
P23223	P23223
P23223	P08148
P23223	Q8MNZ1
P23223	P43150
P23223	Q27673
Q9ER58	Q9ER58
Q9ER58	Q08629
Q9EQY5	Q9EQY5
Q8C341	Q8C341
Q8C341	Q9UBS9
Q02083	Q02083
Q02083	Q9WV54
Q02083	Q13510
P04278	P04278
P28654	P28654
P28654	P21810
P28654	Q9BXN1
P28654	P07585
P97300-3	P97300-3
Q9D906	Q9D906
Q04721	Q04721
P98095	P98095
P22005	P22005
Q12797	Q12797
P10852	P10852
P10852	P08195
Q8IVN8	Q8IVN8
Q13201	Q13201
Q6PHP6	Q6PHP6
Q6PHP6	Q9CZT5
Q6PHP6	Q6EMK4
Q6PHP6	Q8CBC6
P54646	P54646
Q8BHC9	Q8BHC9
Q9ESN9	Q9ESN9
Q16666	Q16666
P54108	P54108
Q3U3W2	Q3U3W2
P46977	P46977
P46977	P46978
P46977	Q3TDQ1
P46977	Q8TCJ2
Q9D7G0	Q9D7G0
Q5JTV8	Q5JTV8
Q5JTV8	Q921T2
Q9CYA0	Q9CYA0
Q9CYA0	Q6UXH1
Q9BZL3	Q9BZL3
Q6GQU6	Q6GQU6
Q6GQU6	Q9D1T0
Q6GQU6	Q3URE9
Q6GQU6	Q96FE5
P0DOX8	P0DOX8
P0DTC2	P0DTC2
Q4KMQ2	Q4KMQ2
P10252	P10252
P10252	P09326
P27930	P27930
Q99L43	Q99L43
Q3UQ28	Q3UQ28
Q3UQ28	Q92626
Q9UGM5	Q9UGM5
Q9UGM5	Q58D62
P04582	P04582
P04582	Q70626
Q5SUR0	Q5SUR0
M0QWJ9	M0QWJ9
P27424	P27424
Q9H2B2	Q9H2B2
P14518	P14518
P14518	P82474
Q6PIC6	Q6PIC6
Q6PIC6	Q6PIE5
Q06890	Q06890
Q06890	P10909
P19320	P19320
P19320	P29533
Q9UQC9	Q9UQC9
P04404	P04404
P04404	P05059
P04404	P10645
P26631	P26631
P26631	P28512
Q5IJ48	Q5IJ48
P00441	P00441
A2A8L5	A2A8L5
A2A8L5	Q64487
A2A8L5	Q64487-10
A2A8L5	B0V2N1-6
A2A8L5	P10586
Q13873	Q13873
Q13873	O35607
Q9BVG9	Q9BVG9
Q02383	Q02383
P25062	P25062
Q92954	Q92954
O14524	O14524
O35405	O35405
O35405	Q8BG07
O35405	Q96BZ4
O35405	Q8IV08
P14780	P14780
P15209	P15209
P15209	Q16620
P15209	Q6VNS1
Q09666	Q09666
D9N008	D9N008
Q2HXL6	Q2HXL6
Q2HXL6	Q9BZQ6
P10762	P10762
Q9XYR5	Q9XYR5
Q924Z4	Q924Z4
Q924Z4	Q96G23
Q924Z4	Q6ZMG9
Q924Z4	Q9HA82
Q924Z4	Q8C172
Q96AE7	Q96AE7
Q96AE7	E9PVB5
M0QWP1	M0QWP1
M0QWP1	O00468
Q80V42	Q80V42
Q80V42	Q00493
Q80V42	P16870
P01106	P01106
P70158	P70158
P70158	Q92484
P70158	P58242
Q6P4A8	Q6P4A8
Q6P4A8	Q3TCN2
Q6P4A8	Q8NHP8
Q63953	Q63953
Q9BXR6	Q9BXR6
Q9BXR6	P05160
Q9BXR6	Q92496
Q96DT5	Q96DT5
P78423	P78423
P52285	P52285
P19835	P19835
Q9NZC9	Q9NZC9
P20851	P20851
Q6UX71	Q6UX71
O00567	O00567
Q02817	Q02817
Q02817	P98088
Q02817	Q9HC84
Q99808	Q99808
Q9H2P0	Q9H2P0
Q15758	Q15758
Q15758	P43006
Q96JJ7	Q96JJ7
Q96JJ7	Q8BXZ1
P00915	P00915
P00915	P23280
P01375	P01375
Q9HBB8	Q9HBB8
Q53RD9	Q53RD9
Q9Z2E9	Q9Z2E9
Q9Z2E9	Q96G97
Q61543	Q61543
Q61543	Q92896
Q60625	Q60625
P18146	P18146
Q9Z123	Q9Z123
Q9Z123	Q9WUH7
Q9Z123	Q9NPR2
Q9Z123	Q9C0C4
Q9Z123	Q9QUR8
Q9QY81	Q9QY81
Q9QY81	Q8TEM1
Q9WVB4	Q9WVB4
Q9WVB4	O75094
Q99985	Q99985
Q99985	Q4LFA9
Q99985	Q9NS98
Q99985	Q13275
Q99985	P70275
Q64455	Q64455
Q64455	Q12913
P02724	P02724
P02724	P02727
P02724	P14221
P02749	P02749
P02749	P17690
P02749	Q01339
Q6UVK1	Q6UVK1
Q6UVK1	Q8VHY0
P55259	P55259
P55259	P07911
P55259	Q8WWZ8
Q9FPQ6	Q9FPQ6
P52799	P52799
P52799	P52800
Q8BGQ4-2	Q8BGQ4-2
B1AUH1-2	B1AUH1-2
B1AUH1-2	P35822
B1AUH1-2	Q15262
B1AUH1-2	P28828
B1AUH1-2	P28827
Q8BR76	Q8BR76
Q8N2K0	Q8N2K0
Q8N2K0	Q99LR1
P01588	P01588
Q148V7	Q148V7
Q99075	Q99075
P21995	P21995
P30622	P30622
Q6PHU5	Q6PHU5
Q6PHU5	Q99523
O88196	O88196
Q02858	Q02858
Q02858	Q02763
A0A0K9QF27	A0A0K9QF27
A0A0K9QF27	P27797
A0A0K9QF27	P14211
P24394	P24394
Q8NCD3	Q8NCD3
P35455	P35455
O43734	O43734
Q5VU97	Q5VU97
Q5VU97	Q6PDJ1
O97939	O97939
P78527	P78527
Q12980	Q12980
Q9UHG2	Q9UHG2
P01374	P01374
P16422	P16422
P16422	P09758
Q9UQP3	Q9UQP3
Q9UQP3	Q8BYI9
Q4VA53	Q4VA53
P10636	P10636
Q5RKR3	Q5RKR3
Q8VEK0	Q8VEK0
Q5RJH3	Q5RJH3
Q5RJH3	P19022
Q5RJH3	P33146
Q5RJH3	Q02487
Q5RJH3	P97291
Q5RJH3	P70408
Q5RJH3	P15116
Q5RJH3	P70407
Q5RJH3	P33151
Q5RJH3	P55288
Q5RJH3	E9Q9Q6
Q5RJH3	P97326
Q5RJH3	P39038
P29460	P29460
P40225	P40225
P25445	P25445
Q99983	Q99983
P15208	P15208
P15208	Q60751
P15208	P06213
P13497	P13497
P13497	O43897
P13497	Q9Y6L7
A3KN83	A3KN83
P01833	P01833
Q9WVJ3	Q9WVJ3
Q9WVJ3	Q9Y646
P52797	P52797
P52797	O08545
Q7Z4F1	Q7Z4F1
Q7Z4F1	E9Q711
Q9UP83	Q9UP83
O09114	O09114
O09114	P80188
O09114	P41222
P02730	P02730
P02730	Q9BY07
Q9H0X4	Q9H0X4
Q9H0X4	Q8C0Z1
Q9H0X4	Q8BYI8
Q6A4J8	Q6A4J8
P33173	P33173
Q8C7K6	Q8C7K6
Q8C7K6	Q9UHG3
Q8C7K6	Q9CQF9
Q14B62	Q14B62
Q9EPS3	Q9EPS3
Q80ZF8	Q80ZF8
Q80ZF8	Q8CGM1
Q80ZF8	O60242
P45984	P45984
P28300	P28300
Q9H2E6	Q9H2E6
Q9H2E6	O35464
Q64299	Q64299
P01231	P01231
P01231	P01229
P01231	P01223
P01231	P0DN86
P01231	P04651
Q61147	Q61147
Q61147	P00450
Q9D7N9	Q9D7N9
Q9D7N9	Q9HDC9
Q99M71	Q99M71
Q7TT36	Q7TT36
Q8N2E6	Q8N2E6
Q9NZP8	Q9NZP8
O94892	O94892
Q16610	Q16610
Q6P6J9	Q6P6J9
Q6P6J9	Q96J42
P05362	P05362
P05362	P32942
P48441	P48441
P48441	P35475
Q8CIV2	Q8CIV2
P42703	P42703
Q99KW9	Q99KW9
Q99KW9	Q8TB96
Q9NUN5	Q9NUN5
P04844	P04844
P04844	Q9DBG6
P68431	P68431
P39060	P39060
P18774	P18774
P20645	P20645
P20645	P24668
Q4FZB7	Q4FZB7
Q14242	Q14242
P37840	P37840
P56526	P56526
P56526	Q14697-2
P56526	P10253
P56526	P70699
P02701	P02701
Q96DA0	Q96DA0
P46096	P46096
P04233	P04233
Q6IMP4	Q6IMP4
P13595	P13595
P51888	P51888
P51888	Q06828
P51888	O60938
P51888	P51884
O76024	O76024
O76024	P56695
Q76M80	Q76M80
Q14126	Q14126
Q9WV18	Q9WV18
P78417	P78417
Q8WWM7	Q8WWM7
Q8TDG4	Q8TDG4
P19883	P19883
P0DTE8	P0DTE8
Q8BGY3	Q8BGY3
P48723	P48723
P48723	Q8BM72
Q29983	Q29983
P35436	P35436
P35436	Q01097
O95714	O95714
P00742	P00742
P00742	P22891
P00742	P08709
P00742	P00749
P00742	P00743
P00742	P00744
P00742	P04070
P00742	P00741
P00742	P00740
P00742	P81428
P20333	P20333
P18684	P18684
Q921I1	Q921I1
Q921I1	P08582
Q921I1	Q9DBD0
Q921I1	P02789
Q921I1	P02788
Q921I1	P02787
Q921I1	P24627
Q921I1	R7VTP9
Q921I1	P12346
Q80WQ6	Q80WQ6
Q80WQ6	Q6PIX5
Q9NU22	Q9NU22
A6NC57	A6NC57
Q60629	Q60629
Q60629	P54760
Q60629	P54753
Q60629	Q03137
Q60629	P29317
P07456	P07456
P07456	P01344
Q66PY1	Q66PY1
Q66PY1	Q9NQ36
Q66PY1	Q6NZL8
Q8JZM4	Q8JZM4
Q9BYJ9	Q9BYJ9
Q9BYJ9	Q7Z739
Q8NDX5	Q8NDX5
P14328	P14328
Q9WV91	Q9WV91
Q9WV91	Q9P2B2
P04921	P04921
P02743	P02743
P02743	P48199
Q61477	Q61477
Q61477	P41271
P12110	P12110
P12110	P12109
P12110	Q02788
O43505	O43505
Q07954	Q07954
Q07954	P98164
Q07954	P98158
Q07954	Q9JI18
Q07954	Q91ZX7
Q07954	Q9NZR2
O60566	O60566
P05546	P05546
Q9P2J2	Q9P2J2
P33176	P33176
P80370	P80370
P80370	Q09163
P10451	P10451
P02545-3	P02545-3
Q9H488	Q9H488
Q9H488	Q91ZW2
P08138	P08138
Q32M26	Q32M26
Q6UXD5	Q6UXD5
Q6UXD5	Q7TSK2
Q6UXD5	Q6P1D5
O60656	O60656
O60656	Q9HAW7
O60656	P22309
O60656	Q9HAW9
O60656	P54855
O60656	Q9HAW8
O60656	Q16880
O60656	P35504
O60656	P19224
O60656	P35503
O60656	P22310
O60656	Q64676
O60637	O60637
O60637	Q9QY33
O60637	Q922J6
O60637	P27701
P22195	P22195
P22195	P00433
Q8BXA0-2	Q8BXA0-2
Q91VF5	Q91VF5
O95302	O95302
O95302	Q61576
O95302	Q9Z247
O95302	Q96AY3
Q5JU69	Q5JU69
Q5JU69	Q9ER41
Q5JU69	O14656
Q5JU69	O14657
Q5JU69	Q9ER38
P16435	P16435
Q8BGC9	Q8BGC9
Q71M36	Q71M36
Q71M36	O95196
P55056	P55056
Q9R013	Q9R013
Q9R013	Q9UBX1
P43406	P43406
P43406	P06756
P43406	P11688
P43406	Q61738
P43406	P23229
P43406	Q61739
P43406	P08648
P43406	Q00651
P43406	Q62470-2
P43406	P26006
Q9CZR2	Q9CZR2
Q9CZR2	P02786
Q9CZR2	O35409
Q9CZR2	Q62351
Q13586	Q13586
Q13586	P70302
Q9Y2Z0	Q9Y2Z0
P19527	P19527
O00634	O00634
O00634	O95631
O00634	O09118
Q9H251	Q9H251
Q9H251	E9PVD3
Q8K4Q8	Q8K4Q8
Q8K4Q8	Q5KU26
P10646	P10646
Q921M7	Q921M7
Q13444	Q13444
Q13444	Q61072
Q13444	Q13443
Q13444	P78325
P97370	P97370
P97370	P14094
P97370	P05026
P97370	P14231
P97370	P54709
P97370	P14415
Q8IWI9	Q8IWI9
Q8N3V7	Q8N3V7
Q7M729	Q7M729
O35841	O35841
P00590	P00590
Q9NY15	Q9NY15
Q9NY35	Q9NY35
Q9NY35	Q9CQX5
P16070	P16070
E9Q941	E9Q941
Q12778	Q12778
Q12778	O43524
Q15417	Q15417
P43307	P43307
P43307	Q9CY50
Q9JJX6	Q9JJX6
Q9JJX6	Q99571
Q0VBD0	Q0VBD0
Q0VBD0	O54890
Q0VBD0	O70309
Q0VBD0	P18084
Q0VBD0	P05106
Q0VBD0	P05107
Q0VBD0	P05556
Q0VBD0	P11835
Q0VBD0	P09055
Q0VBD0	P18564
Q13219	Q13219
O70472	O70472
O70472	Q92545
Q9CQY5	Q9CQY5
Q9CQY5	Q8BTV1
Q61165	Q61165
Q07287	Q07287
P35052	P35052
Q5JRA6	Q5JRA6
Q5JRA6	Q8BI84
Q63HM9	Q63HM9
P41221	P41221
Q61646	Q61646
Q61646	P00738
Q96PB1	Q96PB1
P20934	P20934
Q5VT52	Q5VT52
A2AFS3-2	A2AFS3-2
A2AFS3-2	Q3UZV7
A2AFS3-2	Q6UXG2
Q96S52	Q96S52
Q96S52	Q6PD26
Q7Z5L7	Q7Z5L7
P82347	P82347
P82347	P82349
Q4VA61	Q4VA61
Q7Z6B7	Q7Z6B7
Q96FM1	Q96FM1
Q13421	Q13421
O54901	O54901
P15260	P15260
P08519	P08519
E9Q7X7	E9Q7X7
E9Q7X7	Q9ULB1
E9Q7X7	Q9CS84
E9Q7X7	Q6P9K9
P01048	P01048
P01048	P08932
P02754	P02754
P02754	P09466
P23219	P23219
P23219	Q05769
P23219	P35354
P78324	P78324
P78324	P97797
P21460	P21460
Q9R1Q9	Q9R1Q9
Q9R1Q9	Q15904
Q86WC4	Q86WC4
Q86WC4	Q8BGT0
P07307	P07307
Q14956	Q14956
P17948	P17948
P38435	P38435
P13987	P13987
Q8R366	Q8R366
Q8R366	Q969P0
P01579	P01579
O94769	O94769
Q68D85	Q68D85
P17654	P17654
O00584	O00584
Q9UN71	Q9UN71
Q9UN71	Q9UN75
Q9UN71	Q9Y5E8
Q9UN71	Q9Y5F2
Q9UN71	Q9Y5E7
Q9UN71	Q91XW9
Q9UN71	Q9Y5E1
Q9UN71	Q9NRJ7
Q9UN71	Q9Y5E4
Q9UN71	Q9UN67
Q9UN71	Q9Y5E9
Q9UN71	Q9UN66
Q9UN71	Q9Y5G0
Q9UN71	Q9Y5G2
Q9UN71	Q91XY0
Q9UN71	Q91XY5
Q9UN71	Q9Y5G3
Q9UN71	Q9Y5E6
Q9UN71	Q9Y5F8
Q9UN71	Q91XZ0
P08751	P08751
O35657	O35657
O35657	Q99519
P13284	P13284
P51910	P51910
P51910	P05090
O75339	O75339
Q9UEW3	Q9UEW3
Q8N271	Q8N271
Q8N271	O43490
P18052	P18052
Q9CPW0	Q9CPW0
Q9CPW0	Q99P47
Q9CPW0	Q0V8T7
Q9CPW0	O54991
Q9CPW0	Q0V8T9
Q08857	Q08857
Q08857	P16671
Q08857	P26201
Q08857	O35114
Q08857	Q8WTV0
Q08857	Q14108
Q6GQT6	Q6GQT6
P02679	P02679
P02679	P02675
P02679	Q9Y5C1
P02679	Q8K0E8
P02679	Q9BY76
P02679	P02676
P02679	Q14314
Q9TQZ3	Q9TQZ3
P09242	P09242
P09242	P09923
P09242	P08289
P09242	P05186
Q9H5V8	Q9H5V8
Q6ZMI0	Q6ZMI0
Q8BXJ9	Q8BXJ9
Q9Y5Y7	Q9Y5Y7
Q8N3X6	Q8N3X6
P04156	P04156
P04156	P04273
P04156	P23907
P04156	P04925
P35253	P35253
Q7SIB2	Q7SIB2
Q8N412	Q8N412
P06731	P06731
P11215	P11215
P11215	P56199
P11215	P05555
P11215	P17301
P11215	Q62469
P11215	P20701
P11215	Q3V3R4
P11215	P20702
Q9JLC8	Q9JLC8
Q9R1V6	Q9R1V6
Q9R1V6	Q9R1V6-16
Q9R1V6	Q9R1V6-11
Q9R1V6	Q9R1V6-10
P02752	P02752
P28906	P28906
O14639	O14639
Q17RP2	Q17RP2
O76061	O76061
P06858	P06858
Q9UKD1	Q9UKD1
Q14596	Q14596
P98086	P98086
P98086	P02745
P43308	P43308
P43308	Q9CPW5
P09871	P09871
P09871	P00736
P09871	P48740
Q62086	Q62086
Q62086	P27169
Q62086	Q15165
Q86VB7	Q86VB7
Q86VB7	Q2VLH6-2
P59481	P59481
P59481	Q9DBH5
P59481	Q12907
Q9HCE0	Q9HCE0
O75376	O75376
Q6RKD8	Q6RKD8
Q6RKD8	Q9NZU0
P02549	P02549
P02549	P16546
Q8TDL5	Q8TDL5
P41234	P41234
P41234	O35600
P41234	Q91V24
P41234	Q8IZY2
P41234	O95477
P41234	Q9BZC7
P41234	F1MWM0
P41234	P41233
Q96PD5	Q96PD5
P07996	P07996
P07996	P35442
P07996	Q03350
P07996	P35441
P07996	Q28178
P84104	P84104
A2AIR5	A2AIR5
P48819	P48819
P48819	P04004
Q16563	Q16563
Q16563	O09117
P35542	P35542
P10643	P10643
P10643	P13671
Q58CQ9	Q58CQ9
Q58CQ9	P43251
Q58CQ9	O95498
Q58CQ9	O95497
Q58CQ9	Q8CIF4
Q70E73	Q70E73
P29416	P29416
P29416	P07686
P29416	P20060
P29416	P06865
Q5SQX6	Q5SQX6
Q5SQX6	Q7L576
Q6R2W3	Q6R2W3
Q7SIB3	Q7SIB3
A6H6E2	A6H6E2
A6H6E2	Q9Y6C2
A6H6E2	Q9H8L6
Q99538	Q99538
Q99538	O89017
Q8TBP5	Q8TBP5
Q9HAT2	Q9HAT2
Q9HAT2	P70665
P02751	P02751
P02751	P07589
Q9NTJ3	Q9NTJ3
Q86TH1	Q86TH1
P08471	P08471
O00462	O00462
O00462	Q8K2I4
A2A690	A2A690
P30530	P30530
P30530	Q60805
P30530	Q12866
P30530	Q06418
P01602	P01602
A2ASI5	A2ASI5
A2ASI5	Q01118
A2ASI5	P35499
A2ASI5	A2APX8
A2ASI5	Q9UQD0
Q8VCM8	Q8VCM8
Q8VCM8	Q969V3
Q14112	Q14112
Q14157	Q14157
P01903	P01903
P01903	P20036
P01903	P01909
Q9JK91	Q9JK91
Q7TPD3	Q7TPD3
Q7TPD3	O89026
Q75N90	Q75N90
Q75N90	P35555
Q75N90	P35556
Q71LX4	Q71LX4
Q71LX4	P54939
Q71LX4	F1SFZ8
Q62005	Q62005
Q8BU25	Q8BU25
Q4LDE5	Q4LDE5
Q6UWY5	Q6UWY5
Q6UWY5	Q9NRN5
Q9Y4L1	Q9Y4L1
Q9Y4L1	Q9JKR6
P01217	P01217
P01217	P01215
P01217	P80051
P01217	P01218
Q96L58	Q96L58
Q6WN34	Q6WN34
Q96FE7	Q96FE7
Q08890	Q08890
P04040	P04040
P15151	P15151
P28845	P28845
P28845	P50172
P02699	P02699
P02699	P08100
P02699	P31355
O95084	O95084
P49792	P49792
P43121	P43121
P43121	P50895
P43121	Q13740
P43121	Q8R2Y2
P43121	Q61490
Q99715	Q99715
Q08J23	Q08J23
P04114	P04114
O14513	O14513
P58397	P58397
Q8BS35	Q8BS35
O43451	O43451
Q9QYK5	Q9QYK5
Q14643	Q14643
Q14643	P11881-3
P16094	P16094
A2A699	A2A699
A2A699	Q14CH0
A2A699	A8MVW0
Q07797	Q07797
Q07797	Q08380
Q96HA1	Q96HA1
Q8IZF2	Q8IZF2
Q8IZF2	G5E8Q8
Q3UVK0	Q3UVK0
Q3UVK0	Q7Z2K6
Q68CJ9	Q68CJ9
P05060	P05060
P07214	P07214
P07214	P09486
P31356	P31356
Q9CQU0	Q9CQU0
P13290	P13290
Q9BWG4	Q9BWG4
Q7Z6K1	Q7Z6K1
O35632	O35632
O35632	Q2M3T9
P59024	P59024
Q02809	Q02809
Q02809	Q9R0B9
Q02809	O60568
Q02809	Q9R0E2
Q02809	O00469
Q02809	Q9R0E1
B7ZMQ5	B7ZMQ5
Q61200	Q61200
Q96PK6	Q96PK6
Q8BH32-2	Q8BH32-2
Q8K4Z0-2	Q8K4Z0-2
Q8K4Z0-2	Q9JIA1
P14923	P14923
P04003	P04003
Q9NR12-4	Q9NR12-4
P06681	P06681
P06681	P00751
P70336	P70336
P49790	P49790
O94901	O94901
O94901	Q9D666
O94901	Q8BJS4
O94901	Q9UH99
Q9CZ42	Q9CZ42
Q3UHH8	Q3UHH8
Q3UHH8	Q4G148
P12821	P12821
P12821	P09470
P15088	P15088
P15088	Q96IY4
P15088	Q9UI42
Q61527	Q61527
Q61527	P21860
Q61527	P00533
Q61527	P04626
Q61527	Q01279
Q61527	Q61526
P57716	P57716
P57716	Q92542
P07602	P07602
P07602	Q61207
Q8WXG9	Q8WXG9
P11277	P11277
P11277	Q13439
Q8K394	Q8K394
P35626	P35626
Q9R1V7	Q9R1V7
P02750	P02750
Q05793	Q05793
Q05793	P98160
Q9HB40	Q9HB40
Q9HB40	P10619
Q9HB40	Q9H3G5
Q9HB40	P16675
P40197	P40197
P40197	P22792
P40197	Q8TF66
Q9UGT4	Q9UGT4
P08603	P08603
P08603	P06909
Q62192	Q62192
O00481	O00481
O00481	Q13410
O00481	O00478
P53634	P53634
O43166	O43166
Q9UNN8	Q9UNN8
Q9UBS4	Q9UBS4
P60755	P60755
P60755	Q0PMG2
P08571	P08571
P08123	P08123
P08123	P02461
P08123	P02452
P08123	P05997
P08123	P02458
P08123	P11087
Q08ET2	Q08ET2
Q08ET2	Q9Y286
O60641	O60641
E1BNC9	E1BNC9
Q3T906	Q3T906
Q9BRN9	Q9BRN9
Q9BRN9	Q8BJ83
P48357	P48357
Q5UIP0	Q5UIP0
Q05909	Q05909
Q05909	P23470
Q06851	Q06851
Q9TRC7	Q9TRC7
Q9TRC7	Q812C9
Q9TRC7	Q16853
Q9TRC7	O75106
P49747	P49747
Q6F5E0	Q6F5E0
P43155	P43155
Q69ZF7	Q69ZF7
Q69ZF7	Q6P4Q7
P00451	P00451
P00451	P12259
P00451	P12263
Q8TCT8	Q8TCT8
Q61503	Q61503
Q12841	Q12841
P40238	P40238
Q15063	Q15063
Q9GSG2	Q9GSG2
Q62765	Q62765
P36980	P36980
P36980	Q03591
P36980	Q02985
Q14264	Q14264
P02774	P02774
Q8WXI9	Q8WXI9
O15533	O15533
Q8BR86	Q8BR86
O60512	O60512
O60512	Q91YY2
P17927	P17927
P15328	P15328
Q9P2G4	Q9P2G4
Q04756	Q04756
Q04756	P00748
Q9BU23	Q9BU23
P01570	P01570
P01570	P01575
P01570	P01574
P01570	P01563
P01570	P05000
P08581	P08581
Q92765	Q92765
Q92765	Q6FHJ7
Q9BRR9	Q9BRR9
Q8NFQ8	Q8NFQ8
Q8NFQ8	Q8BYU6
Q96T58	Q96T58
Q6V4S5	Q6V4S5
Q6V4S5	Q3UH53
O08532-4	O08532-4
O08532-4	Q6PHS9
O08532-4	Q9Z1L5
O08532-4	Q6PHS9-2
O08532-4	P54289
P13674	P13674
P13674	Q60716
P16284	P16284
Q8BQ86	Q8BQ86
P30825	P30825
Q9Y2H9	Q9Y2H9
O02197	O02197
O95998	O95998
O60494	O60494
Q6AXF6	Q6AXF6
P01193	P01193
P01193	P01190
Q9UJU2	Q9UJU2
P17599	P17599
Q6W4X9	Q6W4X9
P37173	P37173
P01591	P01591
P01591	P01592
Q62165	Q62165
Q62165	Q14118
Q62165	O18738
Q62165	Q28685
Q62165	W5PVZ9
P05540	P05540
P05540	P01730
Q9NSI5	Q9NSI5
Q62635	Q62635
P05937	P05937
A0A075B7F1	A0A075B7F1
A0A075B7F1	P01824
O75636	O75636
Q6ZSS7	Q6ZSS7
Q8TDD5	Q8TDD5
Q8TDD5	Q99J21
P03070	P03070
Q7Z3K3-2	Q7Z3K3-2
Q69ZS6	Q69ZS6
Q69ZS6	Q9JIS5
P01267	P01267
P01267	P01266
P23435	P23435
P23435	Q9JHG0
P23435	Q9NTU7
P23435	Q8BME9
P23435	Q8BGU2
P26927	P26927
P26927	P00747
P26927	P06867
P26927	P06868
P26927	P14210
Q5TFQ8	Q5TFQ8
Q8BM13	Q8BM13
Q8BM13	O95897
Q8BM13	Q99784
Q8BM13	Q6UX06
Q8BM13	O88998
O95460	O95460
P11166	P11166
Q9H5K3	Q9H5K3
Q9NY97	Q9NY97
Q9Y3B3	Q9Y3B3
Q9Y3B3	Q7Z7H5
Q9Y3B3	Q8R1V4
Q9Y3B3	Q99KF1
Q9Y3B3	Q9BVK6
Q9DBY4	Q9DBY4
O60449	O60449
O60449	Q60767
Q9Y287	Q9Y287
Q9Y287	O89051
P81191	P81191
Q12884	Q12884
Q12884	P27487
Q12884	Q8N608
Q12884	Q9Z218
Q12884	Q6NXK7
Q61391	Q61391
Q61391	P08473
Q61391	Q4PZA2
Q61391	P42892
P24158	P24158
P24158	P04971
P24158	P08861
P24158	P20160
P24158	Q15661
P24158	P20231
P24158	P20718
P24158	P07288
P24158	Q92876
P24158	P08246
P24158	P26324
Q9UKZ4	Q9UKZ4
Q9UKZ4	Q9WTS6
Q9UKZ4	Q9NT68
Q9UKZ4	Q3UHK6-2
Q9UKZ4	Q9WTS4
Q9UKZ4	Q9WTS5
Q9UKZ4	Q9WTS6-2
P08607	P08607
P03372	P03372
P03372	P49884
P03372	O08537
P03372	P19785
Q9P2N5	Q9P2N5
P03315	P03315
Q9R0B6	Q9R0B6
Q9R0B6	P55268
Q9R0B6	P02469
Q9R0B6	P02468
Q9R0B6	P07942
Q9R0B6	P11047
Q9R0B6	Q61292
Q8BMG7	Q8BMG7
Q76M96	Q76M96
Q61361	Q61361
Q9Y5L3	Q9Y5L3
Q9Y5L3	O55026
Q9Y5L3	Q8BFW6
Q9Y5L3	P49961
Q9Y5L3	O75355
Q9Y5L3	O75356
P04837	P04837
P04837	P01225
P04837	P80071
Q68FD9	Q68FD9
Q6UWD8	Q6UWD8
Q3UTY6	Q3UTY6
Q3UTY6	Q6ZMP0
Q3UTY6	Q6UY14
Q9JL56	Q9JL56
Q07456	Q07456
Q07456	P02760
O35448	O35448
O35448	P50897
O35448	O88531
Q6GTX8	Q6GTX8
P01033	P01033
P97927	P97927
P97927	Q16363
Q60571	Q60571
Q60571	P24387
Q9Y2C2	Q9Y2C2
Q13753	Q13753
P35613	P35613
P35613	P18572
P35613	Q9Y639
P35613	P97300
P56974	P56974
P09327	P09327
Q8K298	Q8K298
P30999-2	P30999-2
P30999-2	O60716
Q10584	Q10584
Q10584	Q10583
P05121	P05121
P05121	Q07235
P05121	Q06770
P05121	P50454
P05121	P07759
P05121	P22599
P05121	P05154
P05121	P01009
P05121	Q9N2I2
P05121	O35684
P05121	P01008
P05121	P05543
P05121	P36955
P05121	Q9UK55
P05121	P29622
P05121	Q99574
P05121	P19324
P05121	P01012
P05121	P01011
P05121	P08185
P01137	P01137
P01137	P61812
P01137	P27090
P01137	P10600
P0C1B3	P0C1B3
B9EKR1	B9EKR1
B9EKR1	P23471
Q76LX8	Q76LX8
Q9UKA4	Q9UKA4
P10605	P10605
P10605	P07858
Q9UN76	Q9UN76
Q9UN76	Q8BJI1
Q8BLF1	Q8BLF1
Q8BLF1	Q6PIU2
P22105	P22105
P60882	P60882
P60882	Q7Z7M0
Q3TAS6	Q3TAS6
Q3TAS6	Q5UCC4
P00734	P00734
P00734	P00735
Q9HD45	Q9HD45
Q9HD45	O15321
Q9Y2X9	Q9Y2X9
Q80T14	Q80T14
P51693	P51693
P51693	P05067
P51693	Q06481
P24043	P24043
P24043	P19137
P24043	P25391
P24043	Q61001
P24043	Q60675
P24043	O15230
Q15198	Q15198
Q9D5T0	Q9D5T0
P03951	P03951
P03951	P03952
P04839	P04839
Q96KA5	Q96KA5
Q96KA5	Q8BXA5
P02656	P02656
Q14766	Q14766
Q14766	Q14767
O00391	O00391
P17405	P17405
P16144	P16144
Q9QXX0	Q9QXX0
O00300	O00300
Q9EQC4	Q9EQC4
Q5VW38	Q5VW38
O43556	O43556
O43556	O70258
Q96RL7	Q96RL7
Q9Y2J2	Q9Y2J2
P43652	P43652
P43652	P02768
P43652	P02771
P81371	P81371
P81371	P16404
P81371	P93535
P81371	P02873
P81371	P05046
P81371	P05087
P81371	P05088
Q9Y4K1	Q9Y4K1
Q9GZM5	Q9GZM5
P35803	P35803
P20774	P20774
Q99729-2	Q99729-2
Q99729-2	P51991
P17181	P17181
P18632	P18632
Q6UW56	Q6UW56
Q68EF4	Q68EF4
Q68EF4	Q9QYS2
Q68EF4	Q14BI2
Q68EF4	Q80T41
Q68EF4	P41180
A8MQT2	A8MQT2
A8MQT2	A7E2F4
O94925	O94925
Q8BGQ6	Q8BGQ6
Q8BGQ6	O75071
P54652	P54652
P54652	P17066
P54652	P34931
P54652	P11142
P54652	P0DMV9
P54652	P0DMV8
O60353	O60353
O60883	O60883
O09126	O09126
O09126	Q92854
P01005	P01005
P97952	P97952
P02710	P02710
P02710	Q8R493
P02710	P02718
P02710	P02714
P02710	P02712
Q8BG19	Q8BG19
Q8BG19	Q8BRH0
Q7Z589	Q7Z589
O88819	O88819
Q8IWU5	Q8IWU5
Q8IWU5	Q8IWU6
Q8IWU5	Q8CFG0
P26022	P26022
Q80YX1	Q80YX1
Q80YX1	P24821
Q9GZX9	Q9GZX9
P04275	P04275
Q61288	Q61288
P01133	P01133
P02488	P02488
P02488	P02511
P02488	P02510
P02488	P02489
P02488	P23928
P02488	P02505
P02488	P24623
P02488	P02470
P15309	P15309
P15309	P24638
P15309	P11117
Q3UNN8	Q3UNN8
Q5F226	Q5F226
Q5F226	F2Z4A3
Q5F226	Q2PZL6
Q5F226	Q8BNA6
P17050	P17050
P17050	Q9QWR8
O24103	O24103
O24103	P04007
O24103	Q40381
O24103	Q40379
Q96KR1	Q96KR1
P15884	P15884
Q64687	Q64687
Q64687	Q64689
Q99835	Q99835
P05156	P05156
Q8WVJ2	Q8WVJ2
P00750	P00750
P00750	P98119
Q08431	Q08431
Q08431	P21956
P19963	P19963
P11171	P11171
P0DOX5	P0DOX5
P0DOX5	P0DOX2
Q16512	Q16512
Q6ZMI3	Q6ZMI3
O75462	O75462
P20061	P20061
O75888	O75888
O43688	O43688
O43688	Q99JY8
Q12791	Q12791
P34810	P34810
Q9UBG0	Q9UBG0
Q9UBG0	Q13018
Q9UBG0	Q64449
Q9UBG0	P22897
Q8BHA1	Q8BHA1
P18510	P18510
Q6KAS7	Q6KAS7
Q8NBJ4	Q8NBJ4
Q8NBJ4	Q6P4E1
Q9Y448	Q9Y448
Q8TDY8	Q8TDY8
O18330	O18330
Q63HR2	Q63HR2
Q3UDW8	Q3UDW8
Q3UDW8	Q68CP4
P08238	P08238
P08238	Q58FF7
P08238	P08113
P08238	P07901
P08238	P14625
P08238	P07900
Q80X71	Q80X71
Q80X71	Q80VP8
Q80X71	Q9NUM4
A2BH40	A2BH40
Q99650	Q99650
Q8WZ75	Q8WZ75
Q13438	Q13438
Q13438	Q8K2C7
O15342	O15342
Q9UKU9	Q9UKU9
Q9UKU9	Q8NI99
Q9UKU9	O15123
Q99102	Q99102
Q07409	Q07409
Q07409	Q9JMB8
Q07409	Q69Z26
Q07409	Q61330
Q07409	Q9P232
Q07409	Q12860
Q07409	P68500
Q07409	Q8IWV2
Q07409	P12960
O95171	O95171
P01044	P01044
P01044	P01042
P01044	O08677
Q25336	Q25336
Q5W064	Q5W064
Q5W064	P38571
Q5W064	Q5VXJ0
P02763	P02763
P02763	P19652
P02763	F6Y713
P02763	P02764
P02763	Q3SZR3
P02763	W5P7S6
P02763	Q60590
Q14BI1	Q14BI1
Q8R464	Q8R464
Q8R464	Q9BY67
Q8R464	Q8BLQ9-2
Q8R464	Q8NFZ8
Q8R464	Q8R5M8
P34741	P34741
Q923L3	Q923L3
Q923L3	Q80T79
P49591	P49591
Q68CQ7	Q68CQ7
Q80Z10	Q80Z10
P06800	P06800
P06800	P08575
P08174	P08174
Q4Q843	Q4Q843
Q4Q843	P12839
P02896	P02896
P02896	P26334
O75629	O75629
O75629	O88668
Q96KN2	Q96KN2
Q8CFX1	Q8CFX1
Q8CFX1	O95479
Q9D387	Q9D387
Q04637	Q04637
Q8BSY0-3	Q8BSY0-3
Q8BHT6	Q8BHT6
P10522	P10522
P10522	P25189
P10522	O60487
P10522	Q3TEW6
P10522	O95297
P78552	P78552
Q8TAX7	Q8TAX7
P61916	P61916
P02784	P02784
Q9UKY1	Q9UKY1
O14672	O14672
O14672	O35598
Q8VBZ3	Q8VBZ3
Q8VBZ3	O96005
Q5FWE3	Q5FWE3
Q9R0A1	Q9R0A1
